{
  "inputUnits": [42],
  "outputUnits": 7,
  "inputs": {
    "0": {
      "dtype": "number",
      "min": 0.1934318095445633,
      "max": 0.785364031791687
    },
    "1": {
      "dtype": "number",
      "min": 0.36894193291664124,
      "max": 0.9995059967041016
    },
    "2": {
      "dtype": "number",
      "min": 0.21628892421722412,
      "max": 0.7270148992538452
    },
    "3": {
      "dtype": "number",
      "min": 0.4499216675758362,
      "max": 0.9482415914535522
    },
    "4": {
      "dtype": "number",
      "min": 0.2517877519130707,
      "max": 0.6448793411254883
    },
    "5": {
      "dtype": "number",
      "min": 0.45598068833351135,
      "max": 0.8382412791252136
    },
    "6": {
      "dtype": "number",
      "min": 0.2619929909706116,
      "max": 0.6202359199523926
    },
    "7": {
      "dtype": "number",
      "min": 0.3687918186187744,
      "max": 0.7976118326187134
    },
    "8": {
      "dtype": "number",
      "min": 0.2368784248828888,
      "max": 0.6720491647720337
    },
    "9": {
      "dtype": "number",
      "min": 0.29704996943473816,
      "max": 0.8557035326957703
    },
    "10": {
      "dtype": "number",
      "min": 0.19015160202980042,
      "max": 0.5950168967247009
    },
    "11": {
      "dtype": "number",
      "min": 0.4797925353050232,
      "max": 0.7884711623191833
    },
    "12": {
      "dtype": "number",
      "min": 0.257567822933197,
      "max": 0.599137544631958
    },
    "13": {
      "dtype": "number",
      "min": 0.39268332719802856,
      "max": 0.7724790573120117
    },
    "14": {
      "dtype": "number",
      "min": 0.26056501269340515,
      "max": 0.5805237889289856
    },
    "15": {
      "dtype": "number",
      "min": 0.3195122480392456,
      "max": 0.7505886554718018
    },
    "16": {
      "dtype": "number",
      "min": 0.2498190701007843,
      "max": 0.5839270353317261
    },
    "17": {
      "dtype": "number",
      "min": 0.2507047951221466,
      "max": 0.7736071944236755
    },
    "18": {
      "dtype": "number",
      "min": 0.20924490690231323,
      "max": 0.6169142127037048
    },
    "19": {
      "dtype": "number",
      "min": 0.4014071226119995,
      "max": 0.869998037815094
    },
    "20": {
      "dtype": "number",
      "min": 0.20098049938678741,
      "max": 0.6295443773269653
    },
    "21": {
      "dtype": "number",
      "min": 0.35539504885673523,
      "max": 0.7984476089477539
    },
    "22": {
      "dtype": "number",
      "min": 0.18496358394622803,
      "max": 0.6279256939888
    },
    "23": {
      "dtype": "number",
      "min": 0.2816568613052368,
      "max": 0.8174811005592346
    },
    "24": {
      "dtype": "number",
      "min": 0.16841113567352295,
      "max": 0.6337758302688599
    },
    "25": {
      "dtype": "number",
      "min": 0.21164309978485107,
      "max": 0.8293566703796387
    },
    "26": {
      "dtype": "number",
      "min": 0.1752922683954239,
      "max": 0.6529049873352051
    },
    "27": {
      "dtype": "number",
      "min": 0.34620532393455505,
      "max": 0.9323837757110596
    },
    "28": {
      "dtype": "number",
      "min": 0.15514597296714783,
      "max": 0.6636860370635986
    },
    "29": {
      "dtype": "number",
      "min": 0.36868202686309814,
      "max": 0.8729978203773499
    },
    "30": {
      "dtype": "number",
      "min": 0.14042146503925323,
      "max": 0.6266099214553833
    },
    "31": {
      "dtype": "number",
      "min": 0.2999630570411682,
      "max": 0.8843891024589539
    },
    "32": {
      "dtype": "number",
      "min": 0.12536455690860748,
      "max": 0.6258455514907837
    },
    "33": {
      "dtype": "number",
      "min": 0.23762387037277222,
      "max": 0.8906949758529663
    },
    "34": {
      "dtype": "number",
      "min": 0.13671037554740906,
      "max": 0.6861525177955627
    },
    "35": {
      "dtype": "number",
      "min": 0.3064972162246704,
      "max": 0.9775001406669617
    },
    "36": {
      "dtype": "number",
      "min": 0.11596912145614624,
      "max": 0.6856743693351746
    },
    "37": {
      "dtype": "number",
      "min": 0.32259926199913025,
      "max": 0.9420357942581177
    },
    "38": {
      "dtype": "number",
      "min": 0.10202150046825409,
      "max": 0.6627531051635742
    },
    "39": {
      "dtype": "number",
      "min": 0.3420940637588501,
      "max": 0.9385967254638672
    },
    "40": {
      "dtype": "number",
      "min": 0.08873577415943146,
      "max": 0.6694839000701904
    },
    "41": {
      "dtype": "number",
      "min": 0.33115822076797485,
      "max": 0.9457352757453918
    }
  },
  "outputs": {
    "label": {
      "dtype": "string",
      "min": 0,
      "max": 1,
      "uniqueValues": [
        "volume_up",
        "previous",
        "restart",
        "volume_down",
        "stop",
        "next",
        "start"
      ],
      "legend": {
        "volume_up": [1, 0, 0, 0, 0, 0, 0],
        "previous": [0, 1, 0, 0, 0, 0, 0],
        "restart": [0, 0, 1, 0, 0, 0, 0],
        "volume_down": [0, 0, 0, 1, 0, 0, 0],
        "stop": [0, 0, 0, 0, 1, 0, 0],
        "next": [0, 0, 0, 0, 0, 1, 0],
        "start": [0, 0, 0, 0, 0, 0, 1]
      }
    }
  },
  "isNormalized": true
}
